джемпер	кофт	свитер	свитшот
штан	брюк	джинс	низ
плать	наряд	юбк	вечернее
смартфон	телефон	айфон	iphone	xiaomi	сяоми
бабушкофон	простой телефон	кнопочный телефон	телефон для родител	телефон для мам	телефон для дед	телефон для пожил
мибанд	браслет	смарт-час	фитнес-браслет	фитнес браслет
ксяоми	шаомай	ксиоми	сяоми	шаоми	кшаоми	сиаомай	сеаомай	киаомай	ксиаомай	ксяомай	xiaomi
новинк	новенькое	обновки	новые поступлен	топ недели	подборк	новое
купон	скидк	coupon
монет	бонус	игры
где мой заказ	отслеживание	отследить заказ	трекинг	отслеживание	где посылк
доставк	отправк	по россии	по москве
гарант